{
    "items": [
        {
            "name": "Moses",
            "id": "0",
            "url": "https://i.guim.co.uk/img/static/sys-images/Guardian/Pix/pictures/2014/11/28/1417213907702/Charlton-Heston-as-Moses--010.jpg?width=300&quality=45&auto=format&fit=max&dpr=2&s=ac5ee187e2f6c744ae92f24d11ac6d1b"
        },
        {
            "name": "King David",
            "id": "1",
            "url": "https://i.pinimg.com/originals/42/df/e5/42dfe5f68917bd897baf851bd67009cf.jpg"
        },
        {
            "name": "Talking Donkey",
            "id": "2",
            "url": "https://upload.wikimedia.org/wikipedia/commons/1/1a/Donkey_in_Clovelly%2C_North_Devon%2C_England.jpg"
        },
        {
            "name": "Donke",
            "id": "3",
            "url": "https://encrypted-tbn0.gstatic.com/images?q=tbn:ANd9GcTYctem4jy3gtAAacNrWgwKG7rBKjvfgfirUw&usqp=CAU"
        }
    ]
}